source_record_id,bank_entry_id,value_date,utr,narration,credit_amount_minor,debit_amount_minor,account_reference,currency
bank_0001,STMT-0001,2026-05-05T10:00:00+05:30,UTR20260001,NEFT CR RAZORPAY SOFTWARE PVT LTD SETL0001 UTR20260001,14588984,0,ACC-XX9147,INR
bank_0002,STMT-0002,2026-05-06T10:00:00+05:30,UTR20260002,NEFT CR RAZORPAY SOFTWARE PVT LTD SETL0002 UTR20260002,14831912,0,ACC-XX9147,INR
bank_0003,STMT-0003,2026-05-07T10:00:00+05:30,UTR20260003,NEFT CR RAZORPAY SOFTWARE PVT LTD SETL0003 UTR20260003,15243174,0,ACC-XX9147,INR
bank_0004,STMT-0004,2026-05-09T10:00:00+05:30,UTR20260004,NEFT CR RAZORPAY SOFTWARE PVT LTD SETL0004 UTR20260004,18378393,0,ACC-XX9147,INR
bank_0005,STMT-0005,2026-05-10T10:00:00+05:30,UTR20260005,NEFT CR RAZORPAY SOFTWARE PVT LTD SETL0005 UTR20260005,11288555,0,ACC-XX9147,INR
bank_0006,STMT-0006,2026-05-06T10:00:00+05:30,UTR20260002,NEFT CR RAZORPAY SOFTWARE PVT LTD SETL0002 UTR20260002,14831912,0,ACC-XX9147,INR
bank_0007,STMT-0007,2026-05-11T10:00:00+05:30,,NEFT CR RAZORPAY SETTLEMENT MAY WEEK,15538225,0,ACC-XX9147,INR
bank_0008,STMT-0008,2026-05-12T10:00:00+05:30,,NEFT CR RAZORPAY SETTLEMENT ADJ,15538225,0,ACC-XX9147,INR
bank_0009,STMT-0009,2026-05-11T10:00:00+05:30,UTR20260007,NEFT CR RAZORPAY SETL0007 PART 1 OF 2 UTR20260007,7138961,0,ACC-XX9147,INR
bank_0010,STMT-0010,2026-05-11T10:00:00+05:30,UTR20260007,NEFT CR RAZORPAY SETL0007 PART 2 OF 2 UTR20260007,4759308,0,ACC-XX9147,INR
bank_0011,STMT-0011,2026-05-14T10:00:00+05:30,,RTGS CR RAZORPAY COMBINED SETL0009 SETL0010,24127444,0,ACC-XX9147,INR
bank_0012,STMT-0012,2026-05-10T10:00:00+05:30,,NEFT CR INTEREST CREDIT Q1,843100,0,ACC-XX9147,INR
bank_0013,STMT-0013,2026-05-05T10:00:00+05:30,,ACH DR OFFICE RENT MAY,0,1847000,ACC-XX9147,INR
bank_0014,STMT-0014,2026-05-06T10:00:00+05:30,,NEFT DR VENDOR ALPHA SUPPLIES,0,8324400,ACC-XX9147,INR
bank_0015,STMT-0015,2026-05-07T10:00:00+05:30,,IMPS DR COURIER PARTNER,0,3716900,ACC-XX9147,INR
bank_0016,STMT-0016,2026-05-08T10:00:00+05:30,,DR BANK CHARGES GST,0,8244300,ACC-XX9147,INR
bank_0017,STMT-0017,2026-05-09T10:00:00+05:30,,NEFT DR PAYROLL BATCH 1,0,1716400,ACC-XX9147,INR
bank_0018,STMT-0018,2026-05-10T10:00:00+05:30,,NEFT DR PAYROLL BATCH 2,0,7257000,ACC-XX9147,INR
bank_0019,STMT-0019,2026-05-11T10:00:00+05:30,,DR CARD ANNUAL FEE,0,4180500,ACC-XX9147,INR
bank_0020,STMT-0020,2026-05-12T10:00:00+05:30,,IMPS DR UTILITIES ELECTRICITY,0,7553300,ACC-XX9147,INR
bank_0021,STMT-0021,2026-05-07T10:00:00+05:30,,NEFT CR MALFORMED ROW,notanumber,0,ACC-XX9147,INR
