source_record_id,internal_order_id,razorpay_order_id,razorpay_payment_id,order_date,gross_amount_minor,refund_amount_minor,expected_net_amount_minor,currency,status,customer_reference
order_0001,ORD-2026-1001,order_JX00001,pay_JX00001,2026-05-04T10:00:00+05:30,1542200,0,1505805,INR,paid,INV-7001
order_0002,ORD-2026-1002,order_JX00002,pay_JX00002,2026-05-04T10:00:00+05:30,1091500,0,1065741,INR,paid,INV-7002
order_0003,ORD-2026-1003,order_JX00003,pay_JX00003,2026-05-04T10:00:00+05:30,2234600,0,2181864,INR,paid,INV-7003
order_0004,ORD-2026-1004,order_JX00004,pay_JX00004,2026-05-04T10:00:00+05:30,164500,0,160618,INR,paid,INV-7004
order_0005,ORD-2026-1005,order_JX00005,pay_JX00005,2026-05-04T10:00:00+05:30,1355000,0,1323022,INR,paid,INV-7005
order_0006,ORD-2026-1006,order_JX00006,pay_JX00006,2026-05-04T10:00:00+05:30,369600,0,360878,INR,paid,INV-7006
order_0007,ORD-2026-1007,order_JX00007,pay_JX00007,2026-05-04T10:00:00+05:30,1532100,0,1495943,INR,paid,INV-7007
order_0008,ORD-2026-1008,order_JX00008,pay_JX00008,2026-05-04T10:00:00+05:30,1634800,0,1596219,INR,paid,INV-7008
order_0009,ORD-2026-1009,order_JX00009,pay_JX00009,2026-05-04T10:00:00+05:30,144400,0,140993,INR,paid,INV-7009
order_0010,ORD-2026-1010,order_JX00010,pay_JX00010,2026-05-04T10:00:00+05:30,1933800,0,1888163,INR,paid,INV-7010
order_0011,ORD-2026-1011,order_JX00011,pay_JX00011,2026-05-04T10:00:00+05:30,2314500,0,2259878,INR,paid,INV-7011
order_0012,ORD-2026-1012,order_JX00012,pay_JX00012,2026-05-04T10:00:00+05:30,624600,0,609860,INR,paid,INV-7012
order_0013,ORD-2026-1013,order_JX00013,pay_JX00013,2026-05-05T10:00:00+05:30,1465000,0,1430426,INR,paid,INV-7013
order_0014,ORD-2026-1014,order_JX00014,pay_JX00014,2026-05-05T10:00:00+05:30,1545000,0,1508538,INR,paid,INV-7014
order_0015,ORD-2026-1015,order_JX00015,pay_JX00015,2026-05-05T10:00:00+05:30,727600,0,710429,INR,paid,INV-7015
order_0016,ORD-2026-1016,order_JX00016,pay_JX00016,2026-05-05T10:00:00+05:30,251000,0,245077,INR,paid,INV-7016
order_0017,ORD-2026-1017,order_JX00017,pay_JX00017,2026-05-05T10:00:00+05:30,1973600,0,1927024,INR,paid,INV-7017
order_0018,ORD-2026-1018,order_JX00018,pay_JX00018,2026-05-05T10:00:00+05:30,1083400,0,1057832,INR,paid,INV-7018
order_0019,ORD-2026-1019,order_JX00019,pay_JX00019,2026-05-05T10:00:00+05:30,1575600,0,1538416,INR,paid,INV-7019
order_0020,ORD-2026-1020,order_JX00020,pay_JX00020,2026-05-05T10:00:00+05:30,1532400,0,1496236,INR,paid,INV-7020
order_0021,ORD-2026-1021,order_JX00021,pay_JX00021,2026-05-05T10:00:00+05:30,1581500,0,1544177,INR,paid,INV-7021
order_0022,ORD-2026-1022,order_JX00022,pay_JX00022,2026-05-05T10:00:00+05:30,662300,0,646670,INR,paid,INV-7022
order_0023,ORD-2026-1023,order_JX00023,pay_JX00023,2026-05-05T10:00:00+05:30,1866900,0,1822842,INR,paid,INV-7023
order_0024,ORD-2026-1024,order_JX00024,pay_JX00024,2026-05-05T10:00:00+05:30,926100,0,904245,INR,paid,INV-7024
order_0025,ORD-2026-1025,order_JX00025,pay_JX00025,2026-05-06T10:00:00+05:30,1463300,0,1428767,INR,paid,INV-7025
order_0026,ORD-2026-1026,order_JX00026,pay_JX00026,2026-05-06T10:00:00+05:30,837900,0,818126,INR,paid,INV-7026
order_0027,ORD-2026-1027,order_JX00027,pay_JX00027,2026-05-06T10:00:00+05:30,2325800,0,2270912,INR,paid,INV-7027
order_0028,ORD-2026-1028,order_JX00028,pay_JX00028,2026-05-06T10:00:00+05:30,1732800,0,1691906,INR,paid,INV-7028
order_0029,ORD-2026-1029,order_JX00029,pay_JX00029,2026-05-06T10:00:00+05:30,323800,0,316159,INR,paid,INV-7029
order_0030,ORD-2026-1030,order_JX00030,pay_JX00030,2026-05-06T10:00:00+05:30,1319700,0,1288556,INR,paid,INV-7030
order_0031,ORD-2026-1031,order_JX00031,pay_JX00031,2026-05-06T10:00:00+05:30,1879100,0,1834754,INR,paid,INV-7031
order_0032,ORD-2026-1032,order_JX00032,pay_JX00032,2026-05-06T10:00:00+05:30,310500,0,303173,INR,paid,INV-7032
order_0033,ORD-2026-1033,order_JX00033,pay_JX00033,2026-05-06T10:00:00+05:30,1577700,0,1540467,INR,paid,INV-7033
order_0034,ORD-2026-1034,order_JX00034,pay_JX00034,2026-05-06T10:00:00+05:30,696600,0,680161,INR,paid,INV-7034
order_0035,ORD-2026-1035,order_JX00035,pay_JX00035,2026-05-06T10:00:00+05:30,778700,0,760323,INR,paid,INV-7035
order_0036,ORD-2026-1036,order_JX00036,pay_JX00036,2026-05-06T10:00:00+05:30,2365700,0,2309870,INR,paid,INV-7036
order_0037,ORD-2026-1037,order_JX00037,pay_JX00037,2026-05-07T10:00:00+05:30,1096200,0,1070330,INR,paid,INV-7037
order_0038,ORD-2026-1038,order_JX00038,pay_JX00038,2026-05-07T10:00:00+05:30,1706500,0,1666227,INR,paid,INV-7038
order_0039,ORD-2026-1039,order_JX00039,pay_JX00039,2026-05-07T10:00:00+05:30,1234500,0,1205366,INR,paid,INV-7039
order_0040,ORD-2026-1040,order_JX00040,pay_JX00040,2026-05-07T10:00:00+05:30,1613800,0,1575715,INR,paid,INV-7040
order_0041,ORD-2026-1041,order_JX00041,pay_JX00041,2026-05-07T10:00:00+05:30,2207800,0,2155696,INR,paid,INV-7041
order_0042,ORD-2026-1042,order_JX00042,pay_JX00042,2026-05-07T10:00:00+05:30,1300500,0,1269809,INR,paid,INV-7042
order_0043,ORD-2026-1043,order_JX00043,pay_JX00043,2026-05-07T10:00:00+05:30,1364000,0,1331810,INR,paid,INV-7043
order_0044,ORD-2026-1044,order_JX00044,pay_JX00044,2026-05-07T10:00:00+05:30,1448500,0,1414316,INR,paid,INV-7044
order_0045,ORD-2026-1045,order_JX00045,pay_JX00045,2026-05-07T10:00:00+05:30,2103100,0,2053467,INR,paid,INV-7045
order_0046,ORD-2026-1046,order_JX00046,pay_JX00046,2026-05-07T10:00:00+05:30,2174400,0,2123085,INR,paid,INV-7046
order_0047,ORD-2026-1047,order_JX00047,pay_JX00047,2026-05-07T10:00:00+05:30,903600,0,882276,INR,paid,INV-7047
order_0048,ORD-2026-1048,order_JX00048,pay_JX00048,2026-05-07T10:00:00+05:30,1669700,0,1630296,INR,paid,INV-7048
order_0049,ORD-2026-1049,order_JX00049,pay_JX00049,2026-05-08T10:00:00+05:30,738700,0,721267,INR,paid,INV-7049
order_0050,ORD-2026-1050,order_JX00050,pay_JX00050,2026-05-08T10:00:00+05:30,1305100,0,1274300,INR,paid,INV-7050
order_0051,ORD-2026-1051,order_JX00051,pay_JX00051,2026-05-08T10:00:00+05:30,1892500,0,1847837,INR,paid,INV-7051
order_0052,ORD-2026-1052,order_JX00052,pay_JX00052,2026-05-08T10:00:00+05:30,605500,0,591211,INR,paid,INV-7052
order_0053,ORD-2026-1053,order_JX00053,pay_JX00053,2026-05-08T10:00:00+05:30,2445300,0,2387591,INR,paid,INV-7053
order_0054,ORD-2026-1054,order_JX00054,pay_JX00054,2026-05-08T10:00:00+05:30,479200,0,467891,INR,paid,INV-7054
order_0055,ORD-2026-1055,order_JX00055,pay_JX00055,2026-05-08T10:00:00+05:30,2036300,0,1988244,INR,paid,INV-7055
order_0056,ORD-2026-1056,order_JX00056,pay_JX00056,2026-05-08T10:00:00+05:30,50300,0,49113,INR,paid,INV-7056
order_0057,ORD-2026-1057,order_JX00057,pay_JX00057,2026-05-08T10:00:00+05:30,606900,0,592578,INR,paid,INV-7057
order_0058,ORD-2026-1058,order_JX00058,pay_JX00058,2026-05-08T10:00:00+05:30,147300,0,143824,INR,paid,INV-7058
order_0059,ORD-2026-1059,order_JX00059,pay_JX00059,2026-05-08T10:00:00+05:30,933700,0,911665,INR,paid,INV-7059
order_0060,ORD-2026-1060,order_JX00060,pay_JX00060,2026-05-08T10:00:00+05:30,320600,0,313034,INR,paid,INV-7060
order_0061,ORD-2026-1061,order_JX00061,pay_JX00061,2026-05-09T10:00:00+05:30,2042000,0,1993809,INR,paid,INV-7061
order_0062,ORD-2026-1062,order_JX00062,pay_JX00062,2026-05-09T10:00:00+05:30,306200,0,298974,INR,paid,INV-7062
order_0063,ORD-2026-1063,order_JX00063,pay_JX00063,2026-05-09T10:00:00+05:30,1030500,0,1006181,INR,paid,INV-7063
order_0064,ORD-2026-1064,order_JX00064,pay_JX00064,2026-05-09T10:00:00+05:30,2405800,0,2349024,INR,paid,INV-7064
order_0065,ORD-2026-1065,order_JX00065,pay_JX00065,2026-05-09T10:00:00+05:30,1602400,0,1564584,INR,paid,INV-7065
order_0066,ORD-2026-1066,order_JX00066,pay_JX00066,2026-05-09T10:00:00+05:30,1263200,0,1233389,INR,paid,INV-7066
order_0067,ORD-2026-1067,order_JX00067,pay_JX00067,2026-05-09T10:00:00+05:30,873900,0,853276,INR,paid,INV-7067
order_0068,ORD-2026-1068,order_JX00068,pay_JX00068,2026-05-09T10:00:00+05:30,2265300,0,2211839,INR,paid,INV-7068
order_0069,ORD-2026-1069,order_JX00069,pay_JX00069,2026-05-09T10:00:00+05:30,515600,0,503432,INR,paid,INV-7069
order_0070,ORD-2026-1070,order_JX00070,pay_JX00070,2026-05-09T10:00:00+05:30,2257400,0,2204126,INR,paid,INV-7070
order_0071,ORD-2026-1071,order_JX00071,pay_JX00071,2026-05-09T10:00:00+05:30,1039000,0,1014480,INR,paid,INV-7071
order_0072,ORD-2026-1072,order_JX00072,pay_JX00072,2026-05-09T10:00:00+05:30,412500,0,402765,INR,paid,INV-7072
order_0073,ORD-2026-1073,order_JX00073,pay_JX00073,2026-05-10T10:00:00+05:30,1819000,545700,1230372,INR,partially_refunded,INV-7073
order_0074,ORD-2026-1074,order_JX00074,pay_JX00074,2026-05-10T10:00:00+05:30,1016700,305010,687696,INR,partially_refunded,INV-7074
order_0075,ORD-2026-1075,order_JX00075,pay_JX00075,2026-05-10T10:00:00+05:30,427600,128280,289229,INR,partially_refunded,INV-7075
order_0076,ORD-2026-1076,order_JX00076,pay_JX00076,2026-05-10T10:00:00+05:30,495700,148710,335292,INR,partially_refunded,INV-7076
order_0077,ORD-2026-1077,order_JX00077,pay_JX00077,2026-05-10T10:00:00+05:30,1034800,310440,699939,INR,partially_refunded,INV-7077
order_0078,ORD-2026-1078,order_JX00078,pay_JX00078,2026-05-10T10:00:00+05:30,753700,226110,509803,INR,partially_refunded,INV-7078
order_0079,ORD-2026-1079,order_JX00079,pay_JX00079,2026-05-10T10:00:00+05:30,1555200,466560,1051938,INR,partially_refunded,INV-7079
order_0080,ORD-2026-1080,order_JX00080,pay_JX00080,2026-05-10T10:00:00+05:30,1483600,445080,1003508,INR,partially_refunded,INV-7080
order_0086,ORD-2026-1086,order_JX00086,pay_JX00086,2026-05-11T10:00:00+05:30,787740,0,769151,INR,paid,INV-7086
order_0087,ORD-2026-1087,order_JX00087,pay_JX00087,2026-05-11T10:00:00+05:30,1769530,0,1727770,INR,paid,INV-7087
order_0088,ORD-2026-1088,order_JX00088,pay_JX00088,2026-05-11T10:00:00+05:30,158620,0,154878,INR,paid,INV-7088
order_0089,ORD-2026-1089,order_JX00089,pay_JX00089,2026-05-11T10:00:00+05:30,804710,0,785720,INR,paid,INV-7089
order_0090,ORD-2026-1090,order_JX00090,pay_JX00090,2026-05-11T10:00:00+05:30,2053300,0,2004843,INR,paid,INV-7090
order_0096,ORD-2026-1096,order_JX00096,pay_JX00096,2026-05-11T10:00:00+05:30,1320200,0,1289044,INR,paid,INV-7096
order_0097,ORD-2026-1097,order_JX00097,pay_JX00097,2026-05-12T10:00:00+05:30,2472300,0,2413954,INR,paid,INV-7097
order_0098,ORD-2026-1098,order_JX00098,pay_JX00098,2026-05-12T10:00:00+05:30,536300,0,523644,INR,paid,INV-7098
order_0099,ORD-2026-1099,order_JX00099,pay_JX00099,2026-05-12T10:00:00+05:30,2499200,0,2440219,INR,paid,INV-7099
order_0100,ORD-2026-1100,order_JX00100,pay_JX00100,2026-05-12T10:00:00+05:30,2310000,0,2255484,INR,paid,INV-7100
order_0101,ORD-2026-1101,order_JX00101,pay_JX00101,2026-05-12T10:00:00+05:30,2043400,0,1995176,INR,paid,INV-7101
order_0102,ORD-2026-1102,order_JX00102,pay_JX00102,2026-05-12T10:00:00+05:30,786300,0,767744,INR,paid,INV-7102
order_0103,ORD-2026-1103,order_JX00103,pay_JX00103,2026-05-12T10:00:00+05:30,856900,0,836678,INR,paid,INV-7103
order_0104,ORD-2026-1104,order_JX00104,pay_JX00104,2026-05-12T10:00:00+05:30,703800,0,687191,INR,paid,INV-7104
order_0105,ORD-2026-1105,order_JX00105,pay_JX00105,2026-05-12T10:00:00+05:30,1461000,0,1426521,INR,paid,INV-7105
order_0106,ORD-2026-1106,order_JX00106,pay_JX00106,2026-05-12T10:00:00+05:30,781400,0,762959,INR,paid,INV-7106
order_0107,ORD-2026-1107,order_JX00107,pay_JX00107,2026-05-12T10:00:00+05:30,568300,0,554889,INR,paid,INV-7107
order_0108,ORD-2026-1108,order_JX00108,pay_JX00108,2026-05-12T10:00:00+05:30,551100,0,538095,INR,paid,INV-7108
order_0109,ORD-2026-1109,order_JX00109,pay_JX00109,2026-05-13T10:00:00+05:30,1748500,0,1707236,INR,paid,INV-7109
order_0110,ORD-2026-1110,order_JX00110,pay_JX00110,2026-05-13T10:00:00+05:30,76100,0,74305,INR,paid,INV-7110
order_0111,ORD-2026-1111,order_JX00111,pay_JX00111,2026-05-13T10:00:00+05:30,73800,0,72059,INR,paid,INV-7111
order_0112,ORD-2026-1112,order_JX00112,pay_JX00112,2026-05-13T10:00:00+05:30,1059300,0,1034301,INR,paid,INV-7112
order_0113,ORD-2026-1113,order_JX00113,pay_JX00113,2026-05-13T10:00:00+05:30,200800,0,196062,INR,paid,INV-7113
order_0114,ORD-2026-1114,order_JX00114,pay_JX00114,2026-05-13T10:00:00+05:30,1595500,0,1557847,INR,paid,INV-7114
order_0115,ORD-2026-1115,order_JX00115,pay_JX00115,2026-05-13T10:00:00+05:30,2398300,0,2341701,INR,paid,INV-7115
order_0116,ORD-2026-1116,order_JX00116,pay_JX00116,2026-05-13T10:00:00+05:30,378000,0,369080,INR,paid,INV-7116
order_0117,ORD-2026-1117,order_JX00117,pay_JX00117,2026-05-13T10:00:00+05:30,140700,0,137380,INR,paid,INV-7117
order_0118,ORD-2026-1118,order_JX00118,pay_JX00118,2026-05-13T10:00:00+05:30,281100,0,274467,INR,paid,INV-7118
order_0119,ORD-2026-1119,order_JX00119,pay_JX00119,2026-05-13T10:00:00+05:30,442900,0,432448,INR,paid,INV-7119
order_0120,ORD-2026-1120,order_JX00120,pay_JX00120,2026-05-13T10:00:00+05:30,745600,0,728004,INR,paid,INV-7120
