source_record_id,payment_id,order_id,payment_amount_minor,refund_amount_minor,payment_status,payment_date,currency
payment_0001,pay_JX00001,order_JX00001,1542200,0,captured,2026-05-04T10:00:00+05:30,INR
payment_0002,pay_JX00002,order_JX00002,1091500,0,captured,2026-05-04T10:00:00+05:30,INR
payment_0003,pay_JX00003,order_JX00003,2234600,0,captured,2026-05-04T10:00:00+05:30,INR
payment_0004,pay_JX00004,order_JX00004,164500,0,captured,2026-05-04T10:00:00+05:30,INR
payment_0005,pay_JX00005,order_JX00005,1355000,0,captured,2026-05-04T10:00:00+05:30,INR
payment_0006,pay_JX00006,order_JX00006,369600,0,captured,2026-05-04T10:00:00+05:30,INR
payment_0007,pay_JX00007,order_JX00007,1532100,0,captured,2026-05-04T10:00:00+05:30,INR
payment_0008,pay_JX00008,order_JX00008,1634800,0,captured,2026-05-04T10:00:00+05:30,INR
payment_0009,pay_JX00009,order_JX00009,144400,0,captured,2026-05-04T10:00:00+05:30,INR
payment_0010,pay_JX00010,order_JX00010,1933800,0,captured,2026-05-04T10:00:00+05:30,INR
payment_0011,pay_JX00011,order_JX00011,2314500,0,captured,2026-05-04T10:00:00+05:30,INR
payment_0012,pay_JX00012,order_JX00012,624600,0,captured,2026-05-04T10:00:00+05:30,INR
payment_0013,pay_JX00013,order_JX00013,1465000,0,captured,2026-05-05T10:00:00+05:30,INR
payment_0014,pay_JX00014,order_JX00014,1545000,0,captured,2026-05-05T10:00:00+05:30,INR
payment_0015,pay_JX00015,order_JX00015,727600,0,captured,2026-05-05T10:00:00+05:30,INR
payment_0016,pay_JX00016,order_JX00016,251000,0,captured,2026-05-05T10:00:00+05:30,INR
payment_0017,pay_JX00017,order_JX00017,1973600,0,captured,2026-05-05T10:00:00+05:30,INR
payment_0018,pay_JX00018,order_JX00018,1083400,0,captured,2026-05-05T10:00:00+05:30,INR
payment_0019,pay_JX00019,order_JX00019,1575600,0,captured,2026-05-05T10:00:00+05:30,INR
payment_0020,pay_JX00020,order_JX00020,1532400,0,captured,2026-05-05T10:00:00+05:30,INR
payment_0021,pay_JX00021,order_JX00021,1581500,0,captured,2026-05-05T10:00:00+05:30,INR
payment_0022,pay_JX00022,order_JX00022,662300,0,captured,2026-05-05T10:00:00+05:30,INR
payment_0023,pay_JX00023,order_JX00023,1866900,0,captured,2026-05-05T10:00:00+05:30,INR
payment_0024,pay_JX00024,order_JX00024,926100,0,captured,2026-05-05T10:00:00+05:30,INR
payment_0025,pay_JX00025,order_JX00025,1463300,0,captured,2026-05-06T10:00:00+05:30,INR
payment_0026,pay_JX00026,order_JX00026,837900,0,captured,2026-05-06T10:00:00+05:30,INR
payment_0027,pay_JX00027,order_JX00027,2325800,0,captured,2026-05-06T10:00:00+05:30,INR
payment_0028,pay_JX00028,order_JX00028,1732800,0,captured,2026-05-06T10:00:00+05:30,INR
payment_0029,pay_JX00029,order_JX00029,323800,0,captured,2026-05-06T10:00:00+05:30,INR
payment_0030,pay_JX00030,order_JX00030,1319700,0,captured,2026-05-06T10:00:00+05:30,INR
payment_0031,pay_JX00031,order_JX00031,1879100,0,captured,2026-05-06T10:00:00+05:30,INR
payment_0032,pay_JX00032,order_JX00032,310500,0,captured,2026-05-06T10:00:00+05:30,INR
payment_0033,pay_JX00033,order_JX00033,1577700,0,captured,2026-05-06T10:00:00+05:30,INR
payment_0034,pay_JX00034,order_JX00034,696600,0,captured,2026-05-06T10:00:00+05:30,INR
payment_0035,pay_JX00035,order_JX00035,778700,0,captured,2026-05-06T10:00:00+05:30,INR
payment_0036,pay_JX00036,order_JX00036,2365700,0,captured,2026-05-06T10:00:00+05:30,INR
payment_0037,pay_JX00037,order_JX00037,1096200,0,captured,2026-05-07T10:00:00+05:30,INR
payment_0038,pay_JX00038,order_JX00038,1706500,0,captured,2026-05-07T10:00:00+05:30,INR
payment_0039,pay_JX00039,order_JX00039,1234500,0,captured,2026-05-07T10:00:00+05:30,INR
payment_0040,pay_JX00040,order_JX00040,1613800,0,captured,2026-05-07T10:00:00+05:30,INR
payment_0041,pay_JX00041,order_JX00041,2207800,0,captured,2026-05-07T10:00:00+05:30,INR
payment_0042,pay_JX00042,order_JX00042,1300500,0,captured,2026-05-07T10:00:00+05:30,INR
payment_0043,pay_JX00043,order_JX00043,1364000,0,captured,2026-05-07T10:00:00+05:30,INR
payment_0044,pay_JX00044,order_JX00044,1448500,0,captured,2026-05-07T10:00:00+05:30,INR
payment_0045,pay_JX00045,order_JX00045,2103100,0,captured,2026-05-07T10:00:00+05:30,INR
payment_0046,pay_JX00046,order_JX00046,2174400,0,captured,2026-05-07T10:00:00+05:30,INR
payment_0047,pay_JX00047,order_JX00047,903600,0,captured,2026-05-07T10:00:00+05:30,INR
payment_0048,pay_JX00048,order_JX00048,1669700,0,captured,2026-05-07T10:00:00+05:30,INR
payment_0049,pay_JX00049,order_JX00049,738700,0,captured,2026-05-08T10:00:00+05:30,INR
payment_0050,pay_JX00050,order_JX00050,1305100,0,captured,2026-05-08T10:00:00+05:30,INR
payment_0051,pay_JX00051,order_JX00051,1892500,0,captured,2026-05-08T10:00:00+05:30,INR
payment_0052,pay_JX00052,order_JX00052,605500,0,captured,2026-05-08T10:00:00+05:30,INR
payment_0053,pay_JX00053,order_JX00053,2445300,0,captured,2026-05-08T10:00:00+05:30,INR
payment_0054,pay_JX00054,order_JX00054,479200,0,captured,2026-05-08T10:00:00+05:30,INR
payment_0055,pay_JX00055,order_JX00055,2036300,0,captured,2026-05-08T10:00:00+05:30,INR
payment_0056,pay_JX00056,order_JX00056,50300,0,captured,2026-05-08T10:00:00+05:30,INR
payment_0057,pay_JX00057,order_JX00057,606900,0,captured,2026-05-08T10:00:00+05:30,INR
payment_0058,pay_JX00058,order_JX00058,147300,0,captured,2026-05-08T10:00:00+05:30,INR
payment_0059,pay_JX00059,order_JX00059,933700,0,captured,2026-05-08T10:00:00+05:30,INR
payment_0060,pay_JX00060,order_JX00060,320600,0,captured,2026-05-08T10:00:00+05:30,INR
payment_0061,pay_JX00061,order_JX00061,2042000,0,captured,2026-05-09T10:00:00+05:30,INR
payment_0062,pay_JX00062,order_JX00062,306200,0,captured,2026-05-09T10:00:00+05:30,INR
payment_0063,pay_JX00063,order_JX00063,1030500,0,captured,2026-05-09T10:00:00+05:30,INR
payment_0064,pay_JX00064,order_JX00064,2405800,0,captured,2026-05-09T10:00:00+05:30,INR
payment_0065,pay_JX00065,order_JX00065,1602400,0,captured,2026-05-09T10:00:00+05:30,INR
payment_0066,pay_JX00066,order_JX00066,1263200,0,captured,2026-05-09T10:00:00+05:30,INR
payment_0067,pay_JX00067,order_JX00067,873900,0,captured,2026-05-09T10:00:00+05:30,INR
payment_0068,pay_JX00068,order_JX00068,2265300,0,captured,2026-05-09T10:00:00+05:30,INR
payment_0069,pay_JX00069,order_JX00069,515600,0,captured,2026-05-09T10:00:00+05:30,INR
payment_0070,pay_JX00070,order_JX00070,2257400,0,captured,2026-05-09T10:00:00+05:30,INR
payment_0071,pay_JX00071,order_JX00071,1039000,0,captured,2026-05-09T10:00:00+05:30,INR
payment_0072,pay_JX00072,order_JX00072,412500,0,captured,2026-05-09T10:00:00+05:30,INR
payment_0073,pay_JX00073,order_JX00073,1819000,545700,partially_refunded,2026-05-10T10:00:00+05:30,INR
payment_0074,pay_JX00074,order_JX00074,1016700,305010,partially_refunded,2026-05-10T10:00:00+05:30,INR
payment_0075,pay_JX00075,order_JX00075,427600,128280,partially_refunded,2026-05-10T10:00:00+05:30,INR
payment_0076,pay_JX00076,order_JX00076,495700,148710,partially_refunded,2026-05-10T10:00:00+05:30,INR
payment_0077,pay_JX00077,order_JX00077,1034800,310440,partially_refunded,2026-05-10T10:00:00+05:30,INR
payment_0078,pay_JX00078,order_JX00078,753700,226110,partially_refunded,2026-05-10T10:00:00+05:30,INR
payment_0079,pay_JX00079,order_JX00079,1555200,466560,partially_refunded,2026-05-10T10:00:00+05:30,INR
payment_0080,pay_JX00080,order_JX00080,1483600,445080,partially_refunded,2026-05-10T10:00:00+05:30,INR
payment_0086,pay_JX00086,order_JX00086,787740,0,captured,2026-05-11T10:00:00+05:30,INR
payment_0087,pay_JX00087,order_JX00087,1769530,0,captured,2026-05-11T10:00:00+05:30,INR
payment_0088,pay_JX00088,order_JX00088,158620,0,captured,2026-05-11T10:00:00+05:30,INR
payment_0089,pay_JX00089,order_JX00089,804710,0,captured,2026-05-11T10:00:00+05:30,INR
payment_0090,pay_JX00090,order_JX00090,2053300,0,captured,2026-05-11T10:00:00+05:30,INR
payment_0096,pay_JX00096,order_JX00096,1320200,0,captured,2026-05-11T10:00:00+05:30,INR
payment_0097,pay_JX00097,order_JX00097,2472300,0,captured,2026-05-12T10:00:00+05:30,INR
payment_0098,pay_JX00098,order_JX00098,536300,0,captured,2026-05-12T10:00:00+05:30,INR
payment_0099,pay_JX00099,order_JX00099,2499200,0,captured,2026-05-12T10:00:00+05:30,INR
payment_0100,pay_JX00100,order_JX00100,2310000,0,captured,2026-05-12T10:00:00+05:30,INR
payment_0101,pay_JX00101,order_JX00101,2043400,0,captured,2026-05-12T10:00:00+05:30,INR
payment_0102,pay_JX00102,order_JX00102,786300,0,captured,2026-05-12T10:00:00+05:30,INR
payment_0103,pay_JX00103,order_JX00103,856900,0,captured,2026-05-12T10:00:00+05:30,INR
payment_0104,pay_JX00104,order_JX00104,703800,0,captured,2026-05-12T10:00:00+05:30,INR
payment_0105,pay_JX00105,order_JX00105,1461000,0,captured,2026-05-12T10:00:00+05:30,INR
payment_0106,pay_JX00106,order_JX00106,781400,0,captured,2026-05-12T10:00:00+05:30,INR
payment_0107,pay_JX00107,order_JX00107,568300,0,captured,2026-05-12T10:00:00+05:30,INR
payment_0108,pay_JX00108,order_JX00108,551100,0,captured,2026-05-12T10:00:00+05:30,INR
payment_0109,pay_JX00109,order_JX00109,1748500,0,captured,2026-05-13T10:00:00+05:30,INR
payment_0110,pay_JX00110,order_JX00110,76100,0,captured,2026-05-13T10:00:00+05:30,INR
payment_0111,pay_JX00111,order_JX00111,73800,0,captured,2026-05-13T10:00:00+05:30,INR
payment_0112,pay_JX00112,order_JX00112,1059300,0,captured,2026-05-13T10:00:00+05:30,INR
payment_0113,pay_JX00113,order_JX00113,200800,0,captured,2026-05-13T10:00:00+05:30,INR
payment_0114,pay_JX00114,order_JX00114,1595500,0,captured,2026-05-13T10:00:00+05:30,INR
payment_0115,pay_JX00115,order_JX00115,2398300,0,captured,2026-05-13T10:00:00+05:30,INR
payment_0116,pay_JX00116,order_JX00116,378000,0,captured,2026-05-13T10:00:00+05:30,INR
payment_0117,pay_JX00117,order_JX00117,140700,0,captured,2026-05-13T10:00:00+05:30,INR
payment_0118,pay_JX00118,order_JX00118,281100,0,captured,2026-05-13T10:00:00+05:30,INR
payment_0119,pay_JX00119,order_JX00119,442900,0,captured,2026-05-13T10:00:00+05:30,INR
payment_0120,pay_JX00120,order_JX00120,745600,0,captured,2026-05-13T10:00:00+05:30,INR
