source_record_id,settlement_id,payment_id,order_id,utr,settlement_date,gross_amount_minor,fee_minor,tax_minor,net_amount_minor,method,adjustment_type,currency
settlement_0001,setl_0001,pay_JX00001,order_JX00001,UTR20260001,2026-05-05T10:00:00+05:30,1542200,30844,5551,1505805,netbanking,,INR
settlement_0002,setl_0001,pay_JX00002,order_JX00002,UTR20260001,2026-05-05T10:00:00+05:30,1091500,21830,3929,1065741,card,,INR
settlement_0003,setl_0001,pay_JX00003,order_JX00003,UTR20260001,2026-05-05T10:00:00+05:30,2234600,44692,8044,2181864,card,,INR
settlement_0004,setl_0001,pay_JX00004,order_JX00004,UTR20260001,2026-05-05T10:00:00+05:30,164500,3290,592,160618,upi,,INR
settlement_0005,setl_0001,pay_JX00005,order_JX00005,UTR20260001,2026-05-05T10:00:00+05:30,1355000,27100,4878,1323022,upi,,INR
settlement_0006,setl_0001,pay_JX00006,order_JX00006,UTR20260001,2026-05-05T10:00:00+05:30,369600,7392,1330,360878,netbanking,,INR
settlement_0007,setl_0001,pay_JX00007,order_JX00007,UTR20260001,2026-05-05T10:00:00+05:30,1532100,30642,5515,1495943,upi,,INR
settlement_0008,setl_0001,pay_JX00008,order_JX00008,UTR20260001,2026-05-05T10:00:00+05:30,1634800,32696,5885,1596219,upi,,INR
settlement_0009,setl_0001,pay_JX00009,order_JX00009,UTR20260001,2026-05-05T10:00:00+05:30,144400,2888,519,140993,upi,,INR
settlement_0010,setl_0001,pay_JX00010,order_JX00010,UTR20260001,2026-05-05T10:00:00+05:30,1933800,38676,6961,1888163,card,,INR
settlement_0011,setl_0001,pay_JX00011,order_JX00011,UTR20260001,2026-05-05T10:00:00+05:30,2314500,46290,8332,2259878,netbanking,,INR
settlement_0012,setl_0001,pay_JX00012,order_JX00012,UTR20260001,2026-05-05T10:00:00+05:30,624600,12492,2248,609860,upi,,INR
settlement_0013,setl_0002,pay_JX00013,order_JX00013,UTR20260002,2026-05-06T10:00:00+05:30,1465000,29300,5274,1430426,netbanking,,INR
settlement_0014,setl_0002,pay_JX00014,order_JX00014,UTR20260002,2026-05-06T10:00:00+05:30,1545000,30900,5562,1508538,upi,,INR
settlement_0015,setl_0002,pay_JX00015,order_JX00015,UTR20260002,2026-05-06T10:00:00+05:30,727600,14552,2619,710429,card,,INR
settlement_0016,setl_0002,pay_JX00016,order_JX00016,UTR20260002,2026-05-06T10:00:00+05:30,251000,5020,903,245077,card,,INR
settlement_0017,setl_0002,pay_JX00017,order_JX00017,UTR20260002,2026-05-06T10:00:00+05:30,1973600,39472,7104,1927024,card,,INR
settlement_0018,setl_0002,pay_JX00018,order_JX00018,UTR20260002,2026-05-06T10:00:00+05:30,1083400,21668,3900,1057832,netbanking,,INR
settlement_0019,setl_0002,pay_JX00019,order_JX00019,UTR20260002,2026-05-06T10:00:00+05:30,1575600,31512,5672,1538416,card,,INR
settlement_0020,setl_0002,pay_JX00020,order_JX00020,UTR20260002,2026-05-06T10:00:00+05:30,1532400,30648,5516,1496236,netbanking,,INR
settlement_0021,setl_0002,pay_JX00021,order_JX00021,UTR20260002,2026-05-06T10:00:00+05:30,1581500,31630,5693,1544177,card,,INR
settlement_0022,setl_0002,pay_JX00022,order_JX00022,UTR20260002,2026-05-06T10:00:00+05:30,662300,13246,2384,646670,upi,,INR
settlement_0023,setl_0002,pay_JX00023,order_JX00023,UTR20260002,2026-05-06T10:00:00+05:30,1866900,37338,6720,1822842,upi,,INR
settlement_0024,setl_0002,pay_JX00024,order_JX00024,UTR20260002,2026-05-06T10:00:00+05:30,926100,18522,3333,904245,card,,INR
settlement_0025,setl_0003,pay_JX00025,order_JX00025,UTR20260003,2026-05-07T10:00:00+05:30,1463300,29266,5267,1428767,upi,,INR
settlement_0026,setl_0003,pay_JX00026,order_JX00026,UTR20260003,2026-05-07T10:00:00+05:30,837900,16758,3016,818126,netbanking,,INR
settlement_0027,setl_0003,pay_JX00027,order_JX00027,UTR20260003,2026-05-07T10:00:00+05:30,2325800,46516,8372,2270912,card,,INR
settlement_0028,setl_0003,pay_JX00028,order_JX00028,UTR20260003,2026-05-07T10:00:00+05:30,1732800,34656,6238,1691906,card,,INR
settlement_0029,setl_0003,pay_JX00029,order_JX00029,UTR20260003,2026-05-07T10:00:00+05:30,323800,6476,1165,316159,upi,,INR
settlement_0030,setl_0003,pay_JX00030,order_JX00030,UTR20260003,2026-05-07T10:00:00+05:30,1319700,26394,4750,1288556,upi,,INR
settlement_0031,setl_0003,pay_JX00031,order_JX00031,UTR20260003,2026-05-07T10:00:00+05:30,1879100,37582,6764,1834754,upi,,INR
settlement_0032,setl_0003,pay_JX00032,order_JX00032,UTR20260003,2026-05-07T10:00:00+05:30,310500,6210,1117,303173,upi,,INR
settlement_0033,setl_0003,pay_JX00033,order_JX00033,UTR20260003,2026-05-07T10:00:00+05:30,1577700,31554,5679,1540467,netbanking,,INR
settlement_0034,setl_0003,pay_JX00034,order_JX00034,UTR20260003,2026-05-07T10:00:00+05:30,696600,13932,2507,680161,upi,,INR
settlement_0035,setl_0003,pay_JX00035,order_JX00035,UTR20260003,2026-05-07T10:00:00+05:30,778700,15574,2803,760323,netbanking,,INR
settlement_0036,setl_0003,pay_JX00036,order_JX00036,UTR20260003,2026-05-07T10:00:00+05:30,2365700,47314,8516,2309870,upi,,INR
settlement_0037,setl_0004,pay_JX00037,order_JX00037,UTR20260004,2026-05-08T10:00:00+05:30,1096200,21924,3946,1070330,upi,,INR
settlement_0038,setl_0004,pay_JX00038,order_JX00038,UTR20260004,2026-05-08T10:00:00+05:30,1706500,34130,6143,1666227,netbanking,,INR
settlement_0039,setl_0004,pay_JX00039,order_JX00039,UTR20260004,2026-05-08T10:00:00+05:30,1234500,24690,4444,1205366,card,,INR
settlement_0040,setl_0004,pay_JX00040,order_JX00040,UTR20260004,2026-05-08T10:00:00+05:30,1613800,32276,5809,1575715,netbanking,,INR
settlement_0041,setl_0004,pay_JX00041,order_JX00041,UTR20260004,2026-05-08T10:00:00+05:30,2207800,44156,7948,2155696,upi,,INR
settlement_0042,setl_0004,pay_JX00042,order_JX00042,UTR20260004,2026-05-08T10:00:00+05:30,1300500,26010,4681,1269809,upi,,INR
settlement_0043,setl_0004,pay_JX00043,order_JX00043,UTR20260004,2026-05-08T10:00:00+05:30,1364000,27280,4910,1331810,netbanking,,INR
settlement_0044,setl_0004,pay_JX00044,order_JX00044,UTR20260004,2026-05-08T10:00:00+05:30,1448500,28970,5214,1414316,upi,,INR
settlement_0045,setl_0004,pay_JX00045,order_JX00045,UTR20260004,2026-05-08T10:00:00+05:30,2103100,42062,7571,2053467,card,,INR
settlement_0046,setl_0004,pay_JX00046,order_JX00046,UTR20260004,2026-05-08T10:00:00+05:30,2174400,43488,7827,2123085,card,,INR
settlement_0047,setl_0004,pay_JX00047,order_JX00047,UTR20260004,2026-05-08T10:00:00+05:30,903600,18072,3252,882276,netbanking,,INR
settlement_0048,setl_0004,pay_JX00048,order_JX00048,UTR20260004,2026-05-08T10:00:00+05:30,1669700,33394,6010,1630296,upi,,INR
settlement_0049,setl_0005,pay_JX00049,order_JX00049,UTR20260005,2026-05-09T10:00:00+05:30,738700,14774,2659,721267,netbanking,,INR
settlement_0050,setl_0005,pay_JX00050,order_JX00050,UTR20260005,2026-05-09T10:00:00+05:30,1305100,26102,4698,1274300,upi,,INR
settlement_0051,setl_0005,pay_JX00051,order_JX00051,UTR20260005,2026-05-09T10:00:00+05:30,1892500,37850,6813,1847837,netbanking,,INR
settlement_0052,setl_0005,pay_JX00052,order_JX00052,UTR20260005,2026-05-09T10:00:00+05:30,605500,12110,2179,591211,card,,INR
settlement_0053,setl_0005,pay_JX00053,order_JX00053,UTR20260005,2026-05-10T10:00:00+05:30,2445300,48906,8803,2387591,upi,,INR
settlement_0054,setl_0005,pay_JX00054,order_JX00054,UTR20260005,2026-05-10T10:00:00+05:30,479200,9584,1725,467891,upi,,INR
settlement_0055,setl_0005,pay_JX00055,order_JX00055,UTR20260005,2026-05-10T10:00:00+05:30,2036300,40726,7330,1988244,upi,,INR
settlement_0056,setl_0005,pay_JX00056,order_JX00056,UTR20260005,2026-05-10T10:00:00+05:30,50300,1006,181,49113,upi,,INR
settlement_0057,setl_0005,pay_JX00057,order_JX00057,UTR20260005,2026-05-10T10:00:00+05:30,606900,12138,2184,592578,upi,,INR
settlement_0058,setl_0005,pay_JX00058,order_JX00058,UTR20260005,2026-05-10T10:00:00+05:30,147300,2946,530,143824,upi,,INR
settlement_0059,setl_0005,pay_JX00059,order_JX00059,UTR20260005,2026-05-10T10:00:00+05:30,933700,18674,3361,911665,upi,,INR
settlement_0060,setl_0005,pay_JX00060,order_JX00060,UTR20260005,2026-05-10T10:00:00+05:30,320600,6412,1154,313034,card,,INR
settlement_0061,setl_0006,pay_JX00061,order_JX00061,UTR20260006,2026-05-11T10:00:00+05:30,2042000,40840,7351,1993809,netbanking,,INR
settlement_0062,setl_0006,pay_JX00062,order_JX00062,UTR20260006,2026-05-11T10:00:00+05:30,306200,6124,1102,298974,card,,INR
settlement_0063,setl_0006,pay_JX00063,order_JX00063,UTR20260006,2026-05-10T10:00:00+05:30,1030500,30915,5564,994021,card,,INR
settlement_0064,setl_0006,pay_JX00064,order_JX00064,UTR20260006,2026-05-10T10:00:00+05:30,2405800,72174,12991,2320635,upi,,INR
settlement_0065,setl_0006,pay_JX00065,order_JX00065,UTR20260006,2026-05-10T10:00:00+05:30,1602400,48072,8652,1545676,card,,INR
settlement_0066,setl_0006,pay_JX00066,order_JX00066,UTR20260006,2026-05-10T10:00:00+05:30,1263200,37896,6821,1218483,netbanking,,INR
settlement_0067,setl_0006,pay_JX00067,order_JX00067,UTR20260006,2026-05-10T10:00:00+05:30,873900,26217,4719,842964,card,,INR
settlement_0068,setl_0006,pay_JX00068,order_JX00068,UTR20260006,2026-05-10T10:00:00+05:30,2265300,45306,12685,2207309,card,,INR
settlement_0069,setl_0006,pay_JX00069,order_JX00069,UTR20260006,2026-05-10T10:00:00+05:30,515600,10312,2887,502401,netbanking,,INR
settlement_0070,setl_0006,pay_JX00070,order_JX00070,UTR20260006,2026-05-10T10:00:00+05:30,2257400,45148,12641,2199611,netbanking,,INR
settlement_0071,setl_0006,pay_JX00071,order_JX00071,UTR20260006,2026-05-10T10:00:00+05:30,1039000,20780,5818,1012402,upi,,INR
settlement_0072,setl_0006,pay_JX00072,order_JX00072,UTR20260006,2026-05-10T10:00:00+05:30,412500,8250,2310,401940,netbanking,,INR
settlement_0073,setl_0007,pay_JX00073,order_JX00073,UTR20260007,2026-05-11T10:00:00+05:30,1819000,36380,6548,1776072,netbanking,,INR
settlement_0074,setl_0007,pay_JX00074,order_JX00074,UTR20260007,2026-05-11T10:00:00+05:30,1016700,20334,3660,992706,card,,INR
settlement_0075,setl_0007,pay_JX00075,order_JX00075,UTR20260007,2026-05-11T10:00:00+05:30,427600,8552,1539,417509,upi,,INR
settlement_0076,setl_0007,pay_JX00076,order_JX00076,UTR20260007,2026-05-11T10:00:00+05:30,495700,9914,1784,484002,netbanking,,INR
settlement_0077,setl_0007,pay_JX00077,order_JX00077,UTR20260007,2026-05-11T10:00:00+05:30,1034800,20696,3725,1010379,netbanking,,INR
settlement_0078,setl_0007,pay_JX00078,order_JX00078,UTR20260007,2026-05-11T10:00:00+05:30,753700,15074,2713,735913,card,,INR
settlement_0079,setl_0007,pay_JX00079,order_JX00079,UTR20260007,2026-05-11T10:00:00+05:30,1555200,31104,5598,1518498,card,,INR
settlement_0080,setl_0007,pay_JX00080,order_JX00080,UTR20260007,2026-05-11T10:00:00+05:30,1483600,29672,5340,1448588,upi,,INR
settlement_0081,setl_0007,pay_MISSING081,order_MISSING081,UTR20260007,2026-05-11T10:00:00+05:30,1648200,32964,5933,1609303,netbanking,,INR
settlement_0082,setl_0007,pay_MISSING082,order_MISSING082,UTR20260007,2026-05-11T10:00:00+05:30,545600,10912,1964,532724,upi,,INR
settlement_0083,setl_0007,pay_MISSING083,order_MISSING083,UTR20260007,2026-05-11T10:00:00+05:30,2331200,46624,8392,2276184,netbanking,,INR
settlement_0084,setl_0007,pay_MISSING084,order_MISSING084,UTR20260007,2026-05-11T10:00:00+05:30,1712700,34254,6165,1672281,card,,INR
settlement_0085,setl_0008,pay_MISSING085,order_MISSING085,UTR20260008,2026-05-12T10:00:00+05:30,1381800,27636,4974,1349190,upi,,INR
settlement_0086,setl_0008,pay_JX00086,order_JX00086,UTR20260008,2026-05-12T10:00:00+05:30,793600,15872,2856,774872,card,,INR
settlement_0087,setl_0008,pay_JX00087,order_JX00087,UTR20260008,2026-05-12T10:00:00+05:30,1775400,35508,6391,1733501,upi,,INR
settlement_0088,setl_0008,pay_JX00088,order_JX00088,UTR20260008,2026-05-12T10:00:00+05:30,164500,3290,592,160618,netbanking,,INR
settlement_0089,setl_0008,pay_JX00089,order_JX00089,UTR20260008,2026-05-12T10:00:00+05:30,810600,16212,2918,791470,upi,,INR
settlement_0090,setl_0008,pay_JX00090,order_JX00090,UTR20260008,2026-05-12T10:00:00+05:30,2059200,41184,7413,2010603,card,,INR
settlement_0091,setl_0001,pay_JX00001,order_JX00001,UTR20260001,2026-05-05T10:00:00+05:30,1542200,30844,5551,1505805,netbanking,,INR
settlement_0092,setl_0001,pay_JX00002,order_JX00002,UTR20260001,2026-05-05T10:00:00+05:30,1091500,21830,3929,1065741,card,,INR
settlement_0093,setl_0001,pay_JX00003,order_JX00003,UTR20260001,2026-05-05T10:00:00+05:30,2234600,44692,8044,2181864,card,,INR
settlement_0094,setl_0001,pay_JX00004,order_JX00004,UTR20260001,2026-05-05T10:00:00+05:30,164500,3290,592,160618,upi,,INR
settlement_0095,setl_0001,pay_JX00005,order_JX00005,UTR20260001,2026-05-05T10:00:00+05:30,1355000,27100,4878,1323022,upi,,INR
settlement_0096,setl_0008,pay_JX00096,order_JX00096,UTR20260008,2026-05-12T10:00:00+05:30,1320200,26404,4752,1289044,card,,INR
settlement_0097,setl_0009,pay_JX00097,order_JX00097,UTR20260009,2026-05-13T10:00:00+05:30,2472300,49446,8900,2413954,card,,INR
settlement_0098,setl_0009,pay_JX00098,order_JX00098,UTR20260009,2026-05-13T10:00:00+05:30,536300,10726,1930,523644,netbanking,,INR
settlement_0099,setl_0009,pay_JX00099,order_JX00099,UTR20260009,2026-05-13T10:00:00+05:30,2499200,49984,8997,2440219,netbanking,,INR
settlement_0100,setl_0009,pay_JX00100,order_JX00100,UTR20260009,2026-05-13T10:00:00+05:30,2310000,46200,8316,2255484,upi,,INR
settlement_0101,setl_0009,pay_JX00101,order_JX00101,UTR20260009,2026-05-13T10:00:00+05:30,2043400,40868,7356,1995176,netbanking,,INR
settlement_0102,setl_0009,pay_JX00102,order_JX00102,UTR20260009,2026-05-13T10:00:00+05:30,786300,15726,2830,767744,netbanking,,INR
settlement_0103,setl_0009,pay_JX00103,order_JX00103,UTR20260009,2026-05-13T10:00:00+05:30,856900,17138,3084,836678,card,,INR
settlement_0104,setl_0009,pay_JX00104,order_JX00104,UTR20260009,2026-05-13T10:00:00+05:30,703800,14076,2533,687191,card,,INR
settlement_0105,setl_0009,pay_JX00105,order_JX00105,UTR20260009,2026-05-13T10:00:00+05:30,1461000,29220,5259,1426521,upi,,INR
settlement_0106,setl_0009,pay_JX00106,order_JX00106,UTR20260009,2026-05-13T10:00:00+05:30,781400,15628,2813,762959,card,,INR
settlement_0107,setl_0009,pay_JX00107,order_JX00107,UTR20260009,2026-05-13T10:00:00+05:30,568300,11366,2045,554889,card,,INR
settlement_0108,setl_0009,pay_JX00108,order_JX00108,UTR20260009,2026-05-13T10:00:00+05:30,551100,11022,1983,538095,card,,INR
settlement_0109,setl_0010,pay_JX00109,order_JX00109,UTR20260010,2026-05-14T10:00:00+05:30,1748500,34970,6294,1707236,netbanking,,INR
settlement_0110,setl_0010,pay_JX00110,order_JX00110,UTR20260010,2026-05-14T10:00:00+05:30,76100,1522,273,74305,netbanking,,INR
settlement_0111,setl_0010,pay_JX00111,order_JX00111,UTR20260010,2026-05-14T10:00:00+05:30,73800,1476,265,72059,upi,,INR
settlement_0112,setl_0010,pay_JX00112,order_JX00112,UTR20260010,2026-05-14T10:00:00+05:30,1059300,21186,3813,1034301,netbanking,,INR
settlement_0113,setl_0010,pay_JX00113,order_JX00113,UTR20260010,2026-05-14T10:00:00+05:30,200800,4016,722,196062,card,,INR
settlement_0114,setl_0010,pay_JX00114,order_JX00114,UTR20260010,2026-05-14T10:00:00+05:30,1595500,31910,5743,1557847,netbanking,,INR
settlement_0115,setl_0010,pay_JX00115,order_JX00115,UTR20260010,2026-05-14T10:00:00+05:30,2398300,47966,8633,2341701,card,,INR
settlement_0116,setl_0010,pay_JX00116,order_JX00116,UTR20260010,2026-05-14T10:00:00+05:30,378000,7560,1360,369080,netbanking,,INR
settlement_0117,setl_0010,pay_JX00117,order_JX00117,UTR20260010,2026-05-14T10:00:00+05:30,140700,2814,506,137380,netbanking,,INR
settlement_0118,setl_0010,pay_JX00118,order_JX00118,UTR20260010,2026-05-14T10:00:00+05:30,281100,5622,1011,274467,netbanking,,INR
settlement_0119,setl_0010,pay_JX00119,order_JX00119,UTR20260010,2026-05-14T10:00:00+05:30,442900,8858,1594,432448,card,,INR
settlement_0120,setl_0010,pay_JX00120,order_JX00120,UTR20260010,2026-05-14T10:00:00+05:30,745600,14912,2684,728004,upi,,INR
settlement_0121,setl_0007,pay_JX00073,order_JX00073,UTR20260007,2026-05-11T10:00:00+05:30,545700,0,0,-545700,refund,refund,INR
settlement_0122,setl_0007,pay_JX00074,order_JX00074,UTR20260007,2026-05-11T10:00:00+05:30,305010,0,0,-305010,refund,refund,INR
settlement_0123,setl_0007,pay_JX00075,order_JX00075,UTR20260007,2026-05-11T10:00:00+05:30,128280,0,0,-128280,refund,refund,INR
settlement_0124,setl_0007,pay_JX00076,order_JX00076,UTR20260007,2026-05-11T10:00:00+05:30,148710,0,0,-148710,refund,refund,INR
settlement_0125,setl_0007,pay_JX00077,order_JX00077,UTR20260007,2026-05-11T10:00:00+05:30,310440,0,0,-310440,refund,refund,INR
settlement_0126,setl_0007,pay_JX00078,order_JX00078,UTR20260007,2026-05-11T10:00:00+05:30,226110,0,0,-226110,refund,refund,INR
settlement_0127,setl_0007,pay_JX00079,order_JX00079,UTR20260007,2026-05-11T10:00:00+05:30,466560,0,0,-466560,refund,refund,INR
settlement_0128,setl_0007,pay_JX00080,order_JX00080,UTR20260007,2026-05-11T10:00:00+05:30,445080,0,0,-445080,refund,refund,INR
settlement_0129,setl_0003,pay_JXBROKEN,,UTR20260003,,120000,2400,432,117168,upi,,INR
